,0,1,2,3,4,5,6,7,8,9,10,11,12,13,14,15,16,17
-0.9510286909841548,0.042447920871188205,0.0588333900318585,-0.0698537226486777,-0.211942185067241,-0.6653381178694991,-0.22222756923329368,0.3531289371203472,-0.0644090229418213,-1.1059093920978469,-0.6470247500725331,-0.5006773698015199,0.3721098868688565,-0.24062995201138387,0.002508274845566205,-0.14023413302472587,-0.2689385817385772,0.0433316119001903,-0.4015067974413112
-0.8998294282946517,0.2394428720682853,0.1810195938060352,0.0102640326828773,-0.18541760929285028,-0.7257587382886937,-0.3830130838413836,-0.3248639615419554,-0.012336458076579904,-1.0565696888493203,-0.2670845085737003,-0.5278317100263162,0.4797143167201061,-0.41287231380739564,-0.47140620025047936,-0.27299125065812946,-0.3627240747421909,0.09158388449785648,-0.3320044567567264
-0.8504679678092847,0.3404171378295482,0.19147176316088932,-0.053356029727253305,-0.14986299387000648,-0.6565679007307527,-0.4405581591702768,-0.5864604886997801,-0.09141356925624688,-0.9194186411511579,-0.1358193326872881,-0.4712406652348853,0.4242077573217616,-0.4949219949590517,-0.6529067645845483,-0.2897472383250589,-0.43067654223731855,0.17130885459593073,-0.27978850334230393
-0.8002572986018398,0.3707347356354932,0.14188941839882657,-0.1654077839252332,-0.1065913497448823,-0.5222463219665341,-0.4295290561792167,-0.5921948077640541,-0.21647269358682608,-0.7395353916858837,-0.13395564372194999,-0.3705898187165584,0.2831054041064263,-0.5036392262394858,-0.6505291161096379,-0.2415796655962603,-0.47056649180689103,0.2514225424502699,-0.23894992833660417
-0.7481008433314855,0.3511786066911894,0.06921202935326,-0.2648016707324411,-0.058341036517883596,-0.36768304196800344,-0.3762771059279983,-0.46094875023010595,-0.33137896297406255,-0.5484021940783665,-0.1788201667031826,-0.2540210449307702,0.11268802345761761,-0.4563833416915341,-0.5452658729874237,-0.165080204408224,-0.48150938759708006,0.312189767786943,-0.20470907401856664
-0.6989774381700045,0.29849293810782507,-0.0019194540605268068,-0.3177992549149842,-0.008682393527982002,-0.22165577756803423,-0.300167470419485,-0.276661500007568,-0.4034574480419803,-0.3663410810118085,-0.2177265837889874,-0.14021946703439,-0.0486618162055672,-0.3701250212436881,-0.3949631525995533,-0.0848526991870887,-0.463877334417861,0.3429562652898785,-0.17328896828586793
-0.6492927812417596,0.2258945100613119,-0.0568860551853625,-0.311766749310547,0.038503399276829206,-0.10002642801807671,-0.2148037038648052,-0.0945217881641213,-0.4184068688147282,-0.20474743958844077,-0.2219154228690971,-0.0403190254691074,-0.17736239818987448,-0.2606872056248272,-0.23837886261555602,-0.0158081285407247,-0.4191986348009686,0.34008600106962505,-0.14179994864690681
-0.6009676134008259,0.14355306792793018,-0.08899920785302129,-0.249547505912577,0.0794732306829673,-0.008651732443697158,-0.1291481143712252,0.0533574019169161,-0.37569987216172973,-0.0681204939349257,-0.1810471813477699,0.0403733423911319,-0.2617743961354168,-0.1421146835777295,-0.0989027041173681,0.03474354148100609,-0.3500452190152441,0.30510369011322597,-0.1081355757264241
-0.5474610452635412,0.05904071939701011,-0.0975941775058998,-0.1444534739117985,0.11099873776857609,0.0539909208020149,-0.048537926052703996,0.15278161896516257,-0.2844698760061488,0.044109304947533706,-0.0982486851101477,0.1008349115326362,-0.2995812974692833,-0.026172351371362895,0.012062113219523309,0.06520461255781,-0.2599079480393719,0.2430425147152074,-0.0708798362847465
-0.5001693383231517,-0.02224964343934771,-0.0863084662095469,-0.0158756246950667,0.1306707556747164,0.0944625328871718,0.0244027584368747,0.2028352178378997,-0.1598844802966433,0.1359559820883726,0.0142873173278162,0.1429657675344288,-0.2954087117052455,0.0780278553880452,0.0920554438883173,0.0780040177023395,-0.1530597894920107,0.16099704388968272,-0.0292256357506677
-0.4499339385465646,-0.09671689701951129,-0.061545201556036905,0.1144866561984431,0.1371315375904508,0.1223063813519459,0.0889551949477914,0.2117591231209602,-0.020005444742452604,0.213456834208146,0.13914932548586761,0.1704087937406525,-0.2586825635895579,0.16427135764715778,0.14485506725652542,0.0781147932953993,-0.034406866519311796,0.06688135376356569,0.017095419732043704
-0.3980395140376155,-0.16219521426852102,-0.031121509458191116,0.22577721016372498,0.1302347449518047,0.1482767550615594,0.14560243445590348,0.1933460823157692,0.1168647666882352,0.283454318134298,0.2570010224023948,0.18755104737292871,-0.20172617109285132,0.2293566564969043,0.1781098362149742,0.071774659552966,0.0906726203601657,-0.0316076510490928,0.06787195174450811
-0.3491316360993248,-0.2176285675772508,-0.003101870834644499,0.3005157796590825,0.11113320785461389,0.1828525372613945,0.1954299592613708,0.16385340861255251,0.2343498745065895,0.3525810319722096,0.34932197493379613,0.198706524582662,-0.1380962082481165,0.2730823844650687,0.2013111137702006,0.0654097094250244,0.2165015984531533,-0.12782171509166912,0.12246044851896806
-0.2980528169440125,-0.2627762068045403,0.015183537814223796,0.3265117153779283,0.0822944556812477,0.2350356367342586,0.2396305187647115,0.1394332132496945,0.31968010567813965,0.42644778903157016,0.4005950988702946,0.2074803144432793,-0.08115755283478229,0.298105684510104,0.2241024975802105,0.0647612059262576,0.3372894551319776,-0.2167875087284045,0.1798216143513893
-0.2497089595893461,-0.2979491123022608,0.01793551993954401,0.2981587164632933,0.047444017941224,0.3114342670597519,0.27911316482017834,0.1340801274592353,0.3648859488344923,0.5090347845080145,0.3999408888681933,0.2163141418824473,-0.0428970189088948,0.3096719167161719,0.25492783243365896,0.07421548789850241,0.44732949711747777,-0.29562770382672887,0.23854542950042593
-0.1983325555471916,-0.332922775063617,-0.00417793902118388,0.10385382598688221,-0.02618293227677422,0.47682809848318247,0.34190739273478366,0.17794035902391242,0.3553386086165955,0.665982823974651,0.281788296150121,0.23032726388655259,0.003188692660965997,0.3191112435680626,0.30641540828095437,0.0948125486058249,0.6003738392369241,-0.4009508410758552,0.27649747777279376
-0.1477176390753811,-0.36059032904757105,-0.0459497998940956,-0.0529144527043571,-0.0386262394601688,0.6274111743533994,0.3749894589042543,0.2338730950520394,0.3045418223733639,0.7578755495321224,0.136734872349854,0.2325797573122782,-0.04454208672249829,0.3376957866176036,0.36589628941727853,0.1450808831644273,0.6552261223661567,-0.4352221817489808,0.31927545178599087
-0.0991449767622422,-0.36369962693240987,-0.1184139145280003,-0.1988945817606983,-0.0437188453448667,0.7846225528066335,0.40335827905394106,0.36226772286377795,0.214274946177559,0.8690593272998528,-0.0446189999572692,0.2610604594897649,-0.1383362524074893,0.32130264973455536,0.487507760101987,0.17390620008879362,0.6785785088545732,-0.4863265280999399,0.3941749024772489
-0.0489156180404582,-0.3605769593696076,-0.22635634491101891,-0.3360509940851557,-0.02598995570264817,0.9356886405502192,0.44856787353492,0.5085791824465504,0.06473749520051249,0.9815834737424334,-0.24606468761623562,0.2466336842272926,-0.2724512063077464,0.3495796902363514,0.6139500138241617,0.2221359496779984,0.6639274333630708,-0.5020348336156174,0.4664919651997873
0.0,-0.33630841521240107,-0.2986276625498059,-0.4141965433683739,0.006850459166704015,1.1041471931141555,0.4534112776649667,0.6038005075283377,0.009740863279007694,1.0729081983999573,-0.41901704839727777,0.2175813646973844,-0.4185773719503342,0.4845656595560851,0.7016030555409475,0.27796531644768163,0.599689473521612,-0.5542007365590209,0.5453045610972305
0.0521220338414423,-0.31883480043644147,-0.3599494441561714,-0.4443917196982979,0.051274551425713855,1.2674808295845716,0.3844279058126493,0.7522540538220762,-0.02187484201356482,1.159925278862013,-0.5991258452729831,0.17090713714047082,-0.5816154851642984,0.6834392434549099,0.7872483603425733,0.30087083192783864,0.518167702187768,-0.6956034034824223,0.5643632604949813
0.1012746374356841,-0.29621177128553594,-0.3988302310845793,-0.3732358857412118,0.1497068933748152,1.4334047497563414,0.3049298471226466,0.8939094543100745,0.051735976903895114,1.2294320614218168,-0.7237633224371381,0.0915337650261853,-0.7423694086379327,0.9698498346450073,0.8628998812240456,0.37362946634574823,0.49166372420810767,-0.8833257765271394,0.5144072783701109
0.1539968752643593,-0.2654782235835901,-0.405338273412402,-0.2528196479902824,0.33104665321712723,1.6190009200345772,0.2224592935934463,1.0289090732746944,0.22850242264992082,1.2563006316147973,-0.863265006432684,0.036568019489628095,-0.9577185684854933,1.286540786414224,0.9049160963223313,0.39203204006803105,0.4626928963555228,-1.078075565994065,0.45224300833962766
0.2018704113152125,-0.2626328185855922,-0.36471832594149745,-0.0775291193609007,0.5476442500150119,1.7783750956860076,0.1211330949712286,1.1595733440959033,0.3145895709343682,1.305207063050376,-0.9474728166784585,-0.008309763199145087,-1.0997068640463816,1.55200493342632,0.9125367574395752,0.3793214826038118,0.34676969847353234,-1.272259631314153,0.3299064776575713
0.25059800151818,-0.219909929606198,-0.2316514101800208,0.1842536748453945,0.8082399126762037,1.8896759313181366,0.0026461781272333895,1.2627901387273028,0.39886602785009484,1.3127358135931053,-1.0453358372329582,0.005468303641222472,-1.2197909091891441,1.720500001008765,0.9179788836593967,0.37179991287628245,0.21372685291148874,-1.3943194704693533,0.15647882138962488
0.3032420831978015,-0.15834990619455558,-0.022528791215084387,0.405494518902007,1.0557387096773287,1.9397643427496094,-0.0929426756397847,1.2752751607958606,0.44106250959396015,1.319485851911337,-1.1409385287175975,0.004352893546733461,-1.2914277459915786,1.8325477063261788,0.9474413872141205,0.38033255154356505,0.032965428408482045,-1.4716918104002106,-0.019607025587677684
0.3507181681707152,-0.006432761652337693,0.2140143534790245,0.6753565932905679,1.2881433703637737,1.9153381919290626,-0.1751057435092911,1.2188762901137309,0.48018357878152257,1.3371136317007914,-1.217999771046527,0.044863343120993326,-1.3113758773061168,1.9014695895364522,1.0051565993348084,0.4276308403544489,-0.11368264296026065,-1.5131446086360358,-0.2155131702423665
0.4018823801558635,0.18279659087797012,0.49728967872979246,0.8738509850969881,1.4544271333672438,1.8309822995492193,-0.2372640902429236,1.2376501443165115,0.4396796299928629,1.3410983471747062,-1.281807938089078,0.13565365337603774,-1.361798695580737,1.933420742143925,1.13082115941372,0.40068763609414204,-0.18232310475685276,-1.5484150203024467,-0.369325113013228
0.4544401880172397,0.4281755358254842,0.7749356152004467,1.0395189147151285,1.5612737734718745,1.7179508440590128,-0.24572770632306273,1.2325691383926554,0.4589574533993766,1.3337692273360877,-1.3359681323077284,0.2386250538766479,-1.3737137506447987,1.9260443450326767,1.2724622867352913,0.3788810360752868,-0.19731969763840307,-1.5387258543153777,-0.48721611449774516
0.500961786299437,0.666904117120206,1.0540401867288032,1.1957415688293493,1.6364040456921147,1.5163314368019198,-0.21037129259638293,1.29737787413194,0.5405909490008965,1.2720678813996384,-1.31944303296439,0.39400917343245834,-1.3994276317577856,1.913652461396369,1.4148116901887757,0.41514162633406737,-0.1395095378906528,-1.4653189276079757,-0.5325753292798079
0.5546518514820491,0.9345503186684644,1.3217509495351893,1.3778683919693606,1.645420297392234,1.3028585201654372,-0.14212712767260166,1.3919486574077014,0.719692971522581,1.1925530569318574,-1.1721472550402101,0.579954789464838,-1.452373015503814,1.9131669904292987,1.564675562055842,0.5338339054204972,0.0019380968297348922,-1.3080182771382394,-0.4600572861097407
0.6035260631248699,1.1816279799732996,1.62236472727955,1.6147815816820554,1.6453277786633302,1.067071098953753,-0.012121314029499342,1.4661217258410588,0.9609696465254607,1.0139501098166281,-0.8346039285711789,0.7525569126695895,-1.451660547679013,1.9995276626895817,1.700890088644903,0.7606364185525919,0.22923069959505982,-1.0647769219564127,-0.2718797721870809
0.650483875920448,1.4182521554011367,1.9152097066564788,1.937891483068837,1.6549568998046649,0.7894902279770318,0.2063679141617738,1.5124506467101075,1.315198397787103,0.8044929499464131,-0.4086258563937619,0.9602813518934828,-1.3315220002954495,2.1854109117886145,1.8002920649941818,0.9967076125906384,0.5361633858229228,-0.7778364771582078,-0.020186144551197494
0.7026700959722803,1.7164981162467372,2.2106991806445015,2.3817171170021996,1.7009680991573959,0.54468572987102,0.44162459424520667,1.4860820434487132,1.7347163797745881,0.5549347650662844,0.13242507632848666,1.2617080525213773,-1.097329811996522,2.4843889553674896,1.917794297381172,1.2736273890760612,0.9218931110310892,-0.4609326430120346,0.2776902811202808
0.7545738337739749,2.0005692666973216,2.489805880052559,2.926321123632226,1.7982044492769893,0.36736696357004145,0.6960532626624046,1.439178058741444,2.201911914085189,0.28140434915042756,0.7797720388664675,1.5915081843141028,-0.7139795690354132,2.9199984082702723,2.0370452743836642,1.6055012125091888,1.2669579195364395,-0.12499317327854192,0.5837583730698854
0.8024157801419278,2.230149938307892,2.799648163070283,3.5590690588380083,1.949218252163103,0.3373422951996231,0.9646993955005179,1.308913462375109,2.6459702799254208,-0.029237129142488216,1.5574481644484273,1.9259027402911442,-0.19713072065552062,3.445290077405292,2.174872666057375,1.9441899014019426,1.632865603461851,0.23512016172353434,0.8674088043406956
0.8518966773187154,2.431452774671811,3.111362121126193,4.247443099270226,2.175946930097753,0.48583103476569484,1.2000113883253898,1.0969362201471866,3.0284825308364267,-0.303069490242043,2.4246707204701243,2.276712801789448,0.368049464306369,4.041767676178253,2.2926467826267514,2.193109106887654,2.00538946843729,0.5609294409523295,1.1550581397439852
0.9049762183797916,2.5902030214337377,3.365742063933432,4.973711619748989,2.461914850714614,0.7720403116261425,1.347050425275977,0.7989698398945242,3.3714913386064866,-0.5543605051581957,3.308012591773874,2.5607021317635246,0.8963146588861071,4.591465894605882,2.4124206703987774,2.3993221589284452,2.344065486423929,0.859626497535307,1.3940740631414963
0.9541807372906989,2.718712629357484,3.576273889636047,5.627183005602667,2.7725232129452904,1.233757819354449,1.4332707326973073,0.4509386452133942,3.7026443905602906,-0.8120280890237248,4.126170555674031,2.83693668312212,1.4738045015229084,5.086231840248571,2.555473065235756,2.5193574809350205,2.588591610150046,1.0751953227028648,1.6137426036399387
1.0040558133074835,2.855876255106791,3.694391029708877,6.184122570652259,3.08283126576724,1.8018584911836428,1.4437704914365397,0.11864992160189947,3.9542787772564627,-1.023869806349057,4.89608481460575,3.1171153382512395,1.951088032950386,5.4850617917121465,2.7228359962908186,2.625668629747816,2.7421337745772894,1.2591607965557894,1.8274289988359271
1.0518216801377396,3.0116336825979584,3.731519704853616,6.651721906530016,3.3823564655569878,2.4359056444535425,1.4053917847832418,-0.19937249546788016,3.988273762959129,-1.2019708447098592,5.580187369330776,3.3975184548640707,2.3188147064896083,5.73500586891085,2.9100405748483222,2.693736237940888,2.8438549528318524,1.3380532221953896,2.097083344903778
1.1039060203135402,3.150910539488324,3.7114783097110156,7.0335451765954575,3.615802459146629,3.0531079486708217,1.3323488938673833,-0.44468630036188195,4.032309158450287,-1.3074867978500053,6.117369711686208,3.629887861794643,2.543540440528606,5.813885528572076,3.076197419291169,2.801895713003123,2.893238487181677,1.305012277006803,2.3888097485712048
1.1524598043297374,3.24213427483695,3.6126951601064183,7.296846626089138,3.7915740077907163,3.5989418917350866,1.2538586161960563,-0.6417115898700296,4.075315327864844,-1.4004714668318146,6.52765822085739,3.822374154326316,2.599478716005616,5.7536287504293,3.2228758751159177,2.8974407688970345,2.919017415154091,1.2107249806571325,2.675409780900872
1.2048899949052914,3.3003669721645537,3.4507118615777963,7.459664526431237,3.9247182509121954,4.021332222041587,1.1353303776896784,-0.857220426171355,4.055577661214183,-1.4722933571785628,6.862681389460715,3.885292398820369,2.4971657878634312,5.645723879780644,3.3041111117133757,2.939944482142799,2.922518563098208,1.1195066289437738,2.954654775782732
1.2556130210911458,3.3011815608808486,3.258533945914945,7.5191587889429865,4.003335858502113,4.324622504540528,1.0243327950860643,-1.0531796198883536,4.051613440105911,-1.449251280724024,7.110397232766119,3.884127198495264,2.331159263472679,5.517696884158195,3.3127961651731854,2.9531178403776135,2.9539891554469566,0.9797157349430561,3.1303234004461995
1.3018924737513469,3.2447403219931927,3.062060073503627,7.53900037622109,4.064782561104386,4.5404541056293155,0.9499449870763093,-1.2385518527908848,4.096575811342615,-1.4478194480056203,7.306331015332245,3.78240272412003,2.0677294476993495,5.355621296067339,3.2383133963919395,2.9244128702009617,3.005262834928568,0.8229617314502635,3.2388786503788625
1.354919596074372,3.1775441295433358,2.8845405207288453,7.549538117619613,4.100416329225089,4.63278202139697,0.9140089896811685,-1.3899058111677878,4.082838432362518,-1.4035759061245419,7.497398541944298,3.719679730347366,1.8016885960778528,5.188884218051898,3.13420751009734,2.847240168804057,3.0608712142479613,0.6064555604940716,3.2716233829809145
1.4050757699321064,3.054060318748295,2.6674667445411524,7.554945180825988,4.096076705650557,4.648441762125519,0.9852195553627083,-1.5240021159533566,4.060952736337463,-1.3320821738155986,7.528476982631287,3.626116968236074,1.592527922374717,4.975358107147498,3.0203080262788373,2.779485269755041,3.121385842993198,0.39105310541211014,3.2542795330877885
1.454374994965595,2.9512702100587953,2.5362900645012694,7.52576727621097,4.072088155662278,4.585696661397838,1.070364487824241,-1.6800417642587755,4.036592974895196,-1.211654903094915,7.544926195584639,3.5611039527818535,1.4935067237001842,4.786394637647167,2.9333725493267866,2.726044654897306,3.131619054172854,0.1716656620149154,3.232221854482887
1.5029244369734442,2.8471621429823184,2.4594183908427705,7.493040438950405,3.9892708458104806,4.45631278125494,1.160955072337373,-1.8047994489697188,3.998485514064026,-1.068892253223718,7.516957364573059,3.558701875267658,1.5439802734520016,4.6065713424950605,2.822954927099164,2.653858876537191,3.093241058216138,-0.10855613791373253,3.159342103437898
1.5533072133215076,2.7732798836259214,2.4798987029988226,7.503486150125203,3.883181701813959,4.283182612801787,1.246884366600411,-1.9709904334861623,3.9459013799442686,-0.8657522317110593,7.644622598555828,3.5123720749729266,1.7143095456083213,4.50366457138061,2.8163241995369783,2.5332209131601857,3.058001707185477,-0.39220696348540196,3.047327809835992
1.6052162370466856,2.704778292901901,2.523565680958578,7.488299737726271,3.7241343789293824,4.102168191604603,1.3398289567477535,-2.1443649305039956,3.950483179395352,-0.7561233979771855,7.601772727290031,3.473191549065807,1.951501996745047,4.4199072606159255,2.9735985754333067,2.4278700795963974,3.0067952392012507,-0.6723851478693272,2.939239078625133
1.654256451846474,2.6248784456329646,2.6283412662100853,7.448267048876917,3.5722280152835526,3.917764700105859,1.3738168150730843,-2.239018890686187,3.918873945309949,-0.6393895126531497,7.665446449591813,3.39923499481138,2.281836846739019,4.3142327024001395,3.2509846953480177,2.3100390490092266,2.939001374369122,-0.9626605337981358,2.855056651996832
1.703496713665724,2.540545316514395,2.750076514141975,7.403495246529463,3.439991963900307,3.781859900575626,1.3925801459298823,-2.2268736754860017,3.9427829798015663,-0.5710470710967277,7.777726551700162,3.346006822044415,2.63039093058374,4.117722680271513,3.680946546997889,2.1608830785652478,2.861213533215352,-1.2631009933230768,2.795328319250817
1.753572969399708,2.4095219812045183,2.8259059406662654,7.26058769842521,3.3363915856343556,3.65154826819495,1.411665578618269,-2.176744819431457,3.9330142522773555,-0.5969003757274778,8.062867056825588,3.258492077799432,2.9197256219066903,3.8787257707139933,4.124985346151735,2.0549429043045917,2.769145149507698,-1.5429031018768438,2.873893325003892
1.8049349630085392,2.2666619625163467,2.8821910098850014,7.140469407072757,3.2408149036585288,3.5001936269254696,1.4240303755497736,-2.1236394178189766,3.916124808113155,-0.6832582176756836,8.398750199939352,3.191385476552004,3.1562715093342133,3.671069365760725,4.485286892112099,2.0269008161330166,2.6600071071709386,-1.72802331377778,3.0636443561148234
1.8533932228419872,2.0785651406704284,2.868256495792703,6.9820642852167225,3.1682437461313544,3.295407257601906,1.411240315578076,-2.0004008676765133,3.750394062668048,-0.7447845639336106,8.683999011457328,3.1539295199943616,3.274793363813372,3.4563321033622616,4.712532285515945,1.9821165777569063,2.530883448204535,-1.880837447844761,3.364847338137066
1.9036445433160527,1.9284942453248064,2.8123708432152403,6.81605516821757,3.1392996924527283,3.0855377587472823,1.4163487307620681,-1.903528177388941,3.5257302914014454,-0.8191621933921218,8.957639283386186,3.0545351416219075,3.360123840118629,3.2497111915964596,4.74956678871227,1.976574173833352,2.4165026057403862,-1.992613654789201,3.7217137449511393
1.953670268141953,1.800927651789478,2.7438132349037088,6.698391871167784,3.152087745501598,2.7960994480103665,1.4538938501825691,-1.7692716338460732,3.287326245468754,-0.9072834336280473,9.01760585878401,2.9669451663941695,3.3796163570123428,3.0291306259440427,4.647418138127802,2.0383691970906943,2.3333241338926745,-2.0860675136164426,4.08083450705165
2.0043637183292358,1.749833245893735,2.647455252628423,6.662526646240095,3.20592582044718,2.4694298634695855,1.4867661419646432,-1.6708019424755731,3.1065450127713157,-0.9151750827463259,8.918887191335513,2.8884897384672006,3.3080094869609282,2.794246268082306,4.410018554173113,2.033365215392436,2.257616716094283,-2.112343521964718,4.43809416643182
2.0545774080649912,1.6758957979078604,2.5151899955362045,6.691073999282819,3.271589814457627,2.136068080938387,1.5476602287108538,-1.6040972850538777,2.886498007130397,-0.9006522730247162,8.72232623107702,2.7605087966964024,3.167227378458006,2.6048440116209868,4.115027204711129,2.060188999361623,2.234916311406306,-2.127970778070822,4.798140045013755
2.10485314446972,1.63159881745859,2.333793486542752,6.740010735041709,3.350547898129084,1.7820890524875868,1.6222378149893846,-1.5834228787740072,2.6617689161076514,-0.832126423294048,8.392769795515429,2.624614536214654,3.0767761865822374,2.427187045362289,3.7493297365157567,2.037878589288298,2.2530073551147005,-2.15183490216935,5.150449723868274
2.151923094348907,1.6365195502749534,2.144552468746554,6.795194182713458,3.3925717462548146,1.4638235201084289,1.6718017560783194,-1.6559253651642656,2.5207203335872768,-0.7714961826952953,7.905540176525718,2.4848745411845203,2.9586372704525834,2.2699570961303435,3.3924322816265646,1.9567263317730266,2.298838649279793,-2.2407761596593825,5.4560611717920295
2.203750941397629,1.7128600979230622,1.9384156690058818,6.8316987630563455,3.3992034038665038,1.1505895843717457,1.675996097237224,-1.7223656423413685,2.465942314006302,-0.8332770989709983,7.2669583567675415,2.315619406342107,2.852762400501867,2.205241553934931,3.0997190258333664,1.7938060365629775,2.33878059870372,-2.35837576538289,5.713182202275948
2.2536987617850173,1.7937201942765442,1.7545112715617033,6.880771638923289,3.3414145445103287,0.9013757455010932,1.6671369053240026,-1.7740855110837042,2.4503315025551,-0.9618558784105384,6.545429857417598,2.154805518253907,2.8104822940039735,2.133732004920852,2.873666484364765,1.6334012166285687,2.3604363598332982,-2.528221466890419,5.918693377835419
2.3054763925632265,1.8351664229514044,1.6943537458697602,6.9006581461875625,3.3134901439629756,0.7882789605710324,1.6484789620257287,-1.7945130674112788,2.492122898047546,-1.0337461249412279,6.221067020903988,2.069141140006008,2.764366788638088,2.102836277210012,2.7834950401880096,1.5510804064119985,2.3820761769789036,-2.5931803388854986,6.018250651267618
2.3546680742322983,1.9296527825910978,1.6077141551531042,6.9351363218311635,3.231562270852979,0.5876565755822439,1.5882444189587275,-1.81755802302638,2.6425643364727254,-1.2080686536411323,5.585144154881149,1.9020786332988864,2.6812602407383825,2.0531930679959305,2.6679594596428258,1.3842687114523669,2.4306742988362138,-2.728050567593421,6.183627312782521
2.404393004860746,2.0357696888687182,1.5645386276716438,6.962321717674571,3.116804987240837,0.4157486378149714,1.501498735350208,-1.8097303542608854,2.873334167331998,-1.4125603336607577,4.997494733518383,1.7460158354452617,2.6126234007807785,2.015117226182828,2.6356739078125773,1.2246765237387103,2.48323696934292,-2.8593150349038288,6.301269674494317
2.453215741680045,2.1490817856560636,1.55799959116993,6.983941110793991,2.9735615706348257,0.26263050507169294,1.3961830117406602,-1.7651567923527909,3.16714230175243,-1.6295094155945584,4.492660198331905,1.607243217081741,2.5599815276393993,1.9828663270717797,2.6730908791334262,1.0842006898337277,2.535425029537342,-2.972712591355569,6.368872892026725
2.5033656856997677,2.2652510601693505,1.5763895726740196,7.003760599043915,2.8078802331590533,0.11528514662299838,1.283205114360762,-1.6814268088263145,3.5001898362307573,-1.8365310560428965,4.099861994783893,1.491775303560336,2.523577325929783,1.9510239670816978,2.7571729775264404,0.9734267960731235,2.582284670714108,-3.0529879098348798,6.385298743445529
2.5527401722101786,2.3798227786187782,1.6047474812310192,7.027100802371699,2.6266463625058187,-0.04106825891271648,1.1755211897273528,-1.559869665404162,3.844022768156971,-2.0082793409168325,3.840785490745112,1.4051648390917566,2.502590221730765,1.9151778424784425,2.8582050029613213,0.9003602734224196,2.618340795591998,-3.0856610296371976,6.350618003360627
2.605593991767819,2.48787910200372,1.6271039740468334,7.060130682780369,2.436488794356328,-0.22125226657544084,1.0868921820589934,-1.4056457107227684,4.168001734112043,-2.1186991560008663,3.727374472436476,1.3523334737316288,2.4954327517456867,1.872684613524398,2.94366207495498,0.8690320199915422,2.637724048339815,-3.0591476021897845,6.266164283762677
2.655523563134921,2.5835603820536415,1.6293459060218614,7.108939982939506,2.242460116269814,-0.43801564895630496,1.0303153535107297,-1.2276519238508476,4.442387770938799,-2.143817904773016,3.7596362178495273,1.3374189732094368,2.500124065901872,1.8235215540495768,2.9831337930050585,0.8779785412072716,2.6343315134599212,-2.967229838434905,6.134599341594303
2.703546174803705,2.6594541373145653,1.6026998626848363,7.178390283444487,2.0464910030408827,-0.6995244209761142,1.0161308072284418,-1.038241704610868,4.642044099587387,-2.065077073483028,3.9234571476452498,1.3636389516007237,2.5147405433896353,1.771224986442887,2.954304433957621,0.9185966076438036,2.6020210835297997,-2.811878157874035,5.959989853055921
2.7538012709370983,2.705851709380995,1.5478347765246183,7.270744678724199,1.8456185835254555,-1.0064594055503977,1.0498030132224825,-0.852758910703697,4.750753931734402,-1.8732036434876864,4.188429053532716,1.4331711268417773,2.5379435221400524,1.7239155020653634,2.8499891863118263,0.9733724305105111,2.5348394958013096,-2.6064235392724897,5.747895654646266
2.80129623420756,2.7098725992738553,1.4795836267202425,7.384076071596382,1.6299888389348005,-1.3487203401402907,1.1293773370608313,-0.6888861416365968,4.7661542991755415,-1.5726213508446651,4.505685904124827,1.5470500990874716,2.5695841417413945,1.6954099670828038,2.6862264214558595,1.0139853547983564,2.4272840376579485,-2.3790805730250173,5.505469450937253
2.8551862205549696,2.6544564839635316,1.432284222268754,7.510454086471813,1.3806330325981757,-1.7017365241898776,1.24261157138146,-0.5658072694541869,4.705285905992631,-1.1864017931631698,4.805751228274836,1.705080651911894,2.6113852997947253,1.7064203137210865,2.5114260018420254,0.9992860700835551,2.274597920929846,-2.1768212151821027,5.241567989083762
2.904429314118109,2.517222913039346,1.4657390685113947,7.6339106012066775,1.067018171193413,-2.0223840074495456,1.3637824702243742,-0.5031842162723423,4.610759003494171,-0.7617553837128916,4.996396075890573,1.9057675763519564,2.667700721708994,1.7858391169409176,2.4165736260929136,0.8731493389892397,2.0730993250666248,-2.069599243136835,4.966874700067995
2.9536208070042758,2.269198685523547,1.6717943170576253,7.728183897602537,0.6443714974465343,-2.244509319185747,1.4501672861827546,-0.5199479786154284,4.557535287929315,-0.37606215279035204,4.960507556226904,2.146262017793754,2.746351143933317,1.9721119565343375,2.5464912110452125,0.5622012433051848,1.820544109168243,-2.154925412972742,4.694033806678043
3.0052786864528875,1.873412906831789,2.181537799107099,7.75424143055578,0.05077901429917109,-2.2740597382764745,1.438200310373919,-0.632903898556894,4.66032582097727,-0.14344239634338418,4.553967953657954,2.422324345701992,2.8595376106304866,2.314696564641883,3.1121533107262587,-0.026579052235206402,1.5165221928734915,-2.5627933184722624,4.43779589822159
